,K_ABP,K_AFB,K_AFI,K_AFJ,K_AGF,K_AGH,K_AGL,K_AHV,K_AIA,K_AID,K_AIE,K_AJL,K_AKF,K_AKG,K_ALX,K_AMC,K_AMI,K_ANF,K_ANI,K_API,K_APJ,K_AQB,K_AQE,K_AQN,K_AQU,K_ARL,K_ARU,K_ASX,K_ATK,K_AWC,K_AWX,K_AXF,K_AYP,K_AZM,K_AZU,K_BAM,K_BBX,K_BDE,K_BES,K_BHH,K_BHO,K_BHQ,K_BIP,K_BIQ,K_BJU,K_BJX,K_BKM,K_BLA,K_BLJ,K_BLU
K_ABP,0.0,0.0,0.0,0.0,0.0,0.0,0.0,0.0,0.0,0.0,0.0,0.0,0.0,0.0,0.0,0.0,0.0,0.0,0.0,0.0,0.0,0.0,0.0,0.0,0.0,0.0,0.0,0.0,0.0,0.0,0.0,0.0,0.0,0.0,0.0,0.0,0.0,0.0,0.0,0.0,0.0,0.0,0.0,0.0,0.0,0.0,0.0,0.0,0.0,0.0
K_AFB,0.0,0.0,0.0,0.0,0.0,0.0,0.0,0.0,0.0,0.0,0.0,0.0,0.0,0.0,0.0,0.0,0.0,0.0,0.0,0.0,0.0,0.0,0.0,0.0,0.0,0.0,0.0,0.0,0.0,0.0,0.0,0.0,0.0,0.0,0.0,0.0,0.0,0.0,0.0,0.0,0.0,0.0,0.0,0.0,0.0,0.0,0.0,0.0,0.0,0.0
K_AFI,58.24178350206653,58.24178350206653,0.0,0.0,0.0,0.0,0.0,0.0,0.0,0.0,0.0,0.0,0.0,0.0,0.0,0.0,0.0,0.0,0.0,0.0,0.0,0.0,0.0,0.0,0.0,0.0,0.0,0.0,0.0,0.0,0.0,0.0,0.0,0.0,0.0,0.0,0.0,0.0,0.0,0.0,0.0,0.0,0.0,0.0,0.0,0.0,0.0,0.0,0.0,0.0
K_AFJ,0.5912983258169494,0.5912983258169494,57.369252815215766,0.0,0.0,0.0,0.0,0.0,0.0,0.0,0.0,0.0,0.0,0.0,0.0,0.0,0.0,0.0,0.0,0.0,0.0,0.0,0.0,0.0,0.0,0.0,0.0,0.0,0.0,0.0,0.0,0.0,0.0,0.0,0.0,0.0,0.0,0.0,0.0,0.0,0.0,0.0,0.0,0.0,0.0,0.0,0.0,0.0,0.0,0.0
K_AGF,0.5687132626841347,0.5687132626841347,55.56899061710486,0.15142329516627384,0.0,0.0,0.0,0.0,0.0,0.0,0.0,0.0,0.0,0.0,0.0,0.0,0.0,0.0,0.0,0.0,0.0,0.0,0.0,0.0,0.0,0.0,0.0,0.0,0.0,0.0,0.0,0.0,0.0,0.0,0.0,0.0,0.0,0.0,0.0,0.0,0.0,0.0,0.0,0.0,0.0,0.0,0.0,0.0,0.0,0.0
K_AGH,0.5715813492481849,0.5715813492481849,55.56612253054081,0.15429138173032406,0.0028680865640502147,0.0,0.0,0.0,0.0,0.0,0.0,0.0,0.0,0.0,0.0,0.0,0.0,0.0,0.0,0.0,0.0,0.0,0.0,0.0,0.0,0.0,0.0,0.0,0.0,0.0,0.0,0.0,0.0,0.0,0.0,0.0,0.0,0.0,0.0,0.0,0.0,0.0,0.0,0.0,0.0,0.0,0.0,0.0,0.0,0.0
K_AGL,0.5687132626841347,0.5687132626841347,55.56899061710486,0.15142329516627384,0.0,0.0028680865640502147,0.0,0.0,0.0,0.0,0.0,0.0,0.0,0.0,0.0,0.0,0.0,0.0,0.0,0.0,0.0,0.0,0.0,0.0,0.0,0.0,0.0,0.0,0.0,0.0,0.0,0.0,0.0,0.0,0.0,0.0,0.0,0.0,0.0,0.0,0.0,0.0,0.0,0.0,0.0,0.0,0.0,0.0,0.0,0.0
K_AHV,0.5629022797809765,0.5629022797809765,55.555745044793426,0.16276435892402952,0.007479054338920328,0.010347140902970543,0.007479054338920328,0.0,0.0,0.0,0.0,0.0,0.0,0.0,0.0,0.0,0.0,0.0,0.0,0.0,0.0,0.0,0.0,0.0,0.0,0.0,0.0,0.0,0.0,0.0,0.0,0.0,0.0,0.0,0.0,0.0,0.0,0.0,0.0,0.0,0.0,0.0,0.0,0.0,0.0,0.0,0.0,0.0,0.0,0.0
K_AIA,0.5696634729630758,0.5696634729630758,57.37204158045211,0.02883255739727769,0.15142329516627384,0.15429138173032406,0.15142329516627384,0.16276435892402952,0.0,0.0,0.0,0.0,0.0,0.0,0.0,0.0,0.0,0.0,0.0,0.0,0.0,0.0,0.0,0.0,0.0,0.0,0.0,0.0,0.0,0.0,0.0,0.0,0.0,0.0,0.0,0.0,0.0,0.0,0.0,0.0,0.0,0.0,0.0,0.0,0.0,0.0,0.0,0.0,0.0,0.0
K_AID,0.5687132626841347,0.5687132626841347,55.56899061710486,0.15142329516627384,0.0,0.0028680865640502147,0.0,0.007479054338920328,0.15142329516627384,0.0,0.0,0.0,0.0,0.0,0.0,0.0,0.0,0.0,0.0,0.0,0.0,0.0,0.0,0.0,0.0,0.0,0.0,0.0,0.0,0.0,0.0,0.0,0.0,0.0,0.0,0.0,0.0,0.0,0.0,0.0,0.0,0.0,0.0,0.0,0.0,0.0,0.0,0.0,0.0,0.0
K_AIE,0.5912983258169494,0.5912983258169494,57.369252815215766,0.0,0.15142329516627384,0.15429138173032406,0.15142329516627384,0.16276435892402952,0.02883255739727769,0.15142329516627384,0.0,0.0,0.0,0.0,0.0,0.0,0.0,0.0,0.0,0.0,0.0,0.0,0.0,0.0,0.0,0.0,0.0,0.0,0.0,0.0,0.0,0.0,0.0,0.0,0.0,0.0,0.0,0.0,0.0,0.0,0.0,0.0,0.0,0.0,0.0,0.0,0.0,0.0,0.0,0.0
K_AJL,0.5687132626841347,0.5687132626841347,55.56899061710486,0.15142329516627384,0.0,0.0028680865640502147,0.0,0.007479054338920328,0.15142329516627384,0.0,0.15142329516627384,0.0,0.0,0.0,0.0,0.0,0.0,0.0,0.0,0.0,0.0,0.0,0.0,0.0,0.0,0.0,0.0,0.0,0.0,0.0,0.0,0.0,0.0,0.0,0.0,0.0,0.0,0.0,0.0,0.0,0.0,0.0,0.0,0.0,0.0,0.0,0.0,0.0,0.0,0.0
K_AKF,0.013959970612561969,0.013959970612561969,58.24178350206653,0.5861677041870981,0.5687132626841347,0.5715813492481849,0.5687132626841347,0.5629022797809765,0.557371573786276,0.5687132626841347,0.5861677041870981,0.5687132626841347,0.0,0.0,0.0,0.0,0.0,0.0,0.0,0.0,0.0,0.0,0.0,0.0,0.0,0.0,0.0,0.0,0.0,0.0,0.0,0.0,0.0,0.0,0.0,0.0,0.0,0.0,0.0,0.0,0.0,0.0,0.0,0.0,0.0,0.0,0.0,0.0,0.0,0.0
K_AKG,0.0,0.0,58.24178350206653,0.5912983258169494,0.5687132626841347,0.5715813492481849,0.5687132626841347,0.5629022797809765,0.5696634729630758,0.5687132626841347,0.5912983258169494,0.5687132626841347,0.013959970612561969,0.0,0.0,0.0,0.0,0.0,0.0,0.0,0.0,0.0,0.0,0.0,0.0,0.0,0.0,0.0,0.0,0.0,0.0,0.0,0.0,0.0,0.0,0.0,0.0,0.0,0.0,0.0,0.0,0.0,0.0,0.0,0.0,0.0,0.0,0.0,0.0,0.0
K_ALX,2.9660678272277656,2.9660678272277656,134.16133417819202,2.8457708256395797,2.726249234483512,2.847559142572709,2.726249234483512,2.4394252469275477,2.967080733728777,2.726249234483512,2.9642672012432625,2.607752858879829,2.9660678272277656,2.9660678272277656,0.5,0.0,0.0,0.0,0.0,0.0,0.0,0.0,0.0,0.0,0.0,0.0,0.0,0.0,0.0,0.0,0.0,0.0,0.0,0.0,0.0,0.0,0.0,0.0,0.0,0.0,0.0,0.0,0.0,0.0,0.0,0.0,0.0,0.0,0.0,0.0
K_AMC,2.823389772742298,2.823389772742298,33.500406542248854,2.9394213606911674,2.8833084842927605,2.8833084842927605,2.8833084842927605,2.8572312948981997,2.952007263510672,2.8833084842927605,2.9490886231265145,2.8810261388121807,2.821204741358965,2.823389772742298,2.791847638767802,0.0,0.0,0.0,0.0,0.0,0.0,0.0,0.0,0.0,0.0,0.0,0.0,0.0,0.0,0.0,0.0,0.0,0.0,0.0,0.0,0.0,0.0,0.0,0.0,0.0,0.0,0.0,0.0,0.0,0.0,0.0,0.0,0.0,0.0,0.0
K_AMI,2.7850084456187605,2.7850084456187605,33.41822947851971,2.855950850283355,2.7969698873208975,2.7993677820045546,2.7969698873208975,2.7731750434069173,2.867951012019389,2.7969698873208975,2.8650323716352317,2.7969698873208975,2.782823414235428,2.7850084456187605,2.681048389501014,0.08920668353591299,0.0,0.0,0.0,0.0,0.0,0.0,0.0,0.0,0.0,0.0,0.0,0.0,0.0,0.0,0.0,0.0,0.0,0.0,0.0,0.0,0.0,0.0,0.0,0.0,0.0,0.0,0.0,0.0,0.0,0.0,0.0,0.0,0.0,0.0
K_ANF,3.553110846022421,3.553110846022421,33.71072333764159,3.66239075334082,3.619763850574965,3.6317635897604883,3.619763850574965,3.5858523781110225,3.6754408144999937,3.619763850574965,3.6726345101812488,3.609647222025003,3.550925814639088,3.553110846022421,3.0538930669610074,0.07059471314642575,0.15980139668233873,0.0,0.0,0.0,0.0,0.0,0.0,0.0,0.0,0.0,0.0,0.0,0.0,0.0,0.0,0.0,0.0,0.0,0.0,0.0,0.0,0.0,0.0,0.0,0.0,0.0,0.0,0.0,0.0,0.0,0.0,0.0,0.0,0.0
K_ANI,3.553110846022421,3.553110846022421,33.71072333764159,3.66239075334082,3.619763850574965,3.6317635897604883,3.619763850574965,3.5858523781110225,3.6754408144999937,3.619763850574965,3.6726345101812488,3.609647222025003,3.550925814639088,3.553110846022421,3.0538930669610074,0.07059471314642575,0.15980139668233873,0.0,0.0,0.0,0.0,0.0,0.0,0.0,0.0,0.0,0.0,0.0,0.0,0.0,0.0,0.0,0.0,0.0,0.0,0.0,0.0,0.0,0.0,0.0,0.0,0.0,0.0,0.0,0.0,0.0,0.0,0.0,0.0,0.0
K_API,4.103277466713929,4.103277466713929,45.81209556600932,3.9630501627964505,3.9273487321732214,3.9302168187372715,3.9273487321732214,3.905856273504679,3.9605280713277886,3.9273487321732214,3.973317935090956,3.9273487321732214,4.1034584607673255,4.103277466713929,3.0881708906151055,2.703358385172158,2.4892165849038284,2.881875789065735,2.881875789065735,0.0,0.0,0.0,0.0,0.0,0.0,0.0,0.0,0.0,0.0,0.0,0.0,0.0,0.0,0.0,0.0,0.0,0.0,0.0,0.0,0.0,0.0,0.0,0.0,0.0,0.0,0.0,0.0,0.0,0.0,0.0
K_APJ,3.7797990364428595,3.7797990364428595,45.48021326818174,3.641435637263382,3.6057342066401525,3.6086022932042026,3.6057342066401525,3.58424174797161,3.63891354579472,3.6057342066401525,3.6493585208510444,3.6057342066401525,3.7799800304962554,3.7797990364428595,3.073088616062508,2.58679744253027,2.3847625235236087,2.8205901950275174,2.8205901950275174,0.05230082666376781,0.0,0.0,0.0,0.0,0.0,0.0,0.0,0.0,0.0,0.0,0.0,0.0,0.0,0.0,0.0,0.0,0.0,0.0,0.0,0.0,0.0,0.0,0.0,0.0,0.0,0.0,0.0,0.0,0.0,0.0
K_AQB,3.7797990364428595,3.7797990364428595,45.48021326818174,3.641435637263382,3.6057342066401525,3.6086022932042026,3.6057342066401525,3.58424174797161,3.63891354579472,3.6057342066401525,3.6493585208510444,3.6057342066401525,3.7799800304962554,3.7797990364428595,3.073088616062508,2.58679744253027,2.3847625235236087,2.8205901950275174,2.8205901950275174,0.05230082666376781,0.0,0.0,0.0,0.0,0.0,0.0,0.0,0.0,0.0,0.0,0.0,0.0,0.0,0.0,0.0,0.0,0.0,0.0,0.0,0.0,0.0,0.0,0.0,0.0,0.0,0.0,0.0,0.0,0.0,0.0
K_AQE,3.7797990364428595,3.7797990364428595,45.48021326818174,3.641435637263382,3.6057342066401525,3.6086022932042026,3.6057342066401525,3.58424174797161,3.63891354579472,3.6057342066401525,3.6493585208510444,3.6057342066401525,3.7799800304962554,3.7797990364428595,3.073088616062508,2.58679744253027,2.3847625235236087,2.8205901950275174,2.8205901950275174,0.05230082666376781,0.0,0.0,0.0,0.0,0.0,0.0,0.0,0.0,0.0,0.0,0.0,0.0,0.0,0.0,0.0,0.0,0.0,0.0,0.0,0.0,0.0,0.0,0.0,0.0,0.0,0.0,0.0,0.0,0.0,0.0
K_AQN,3.0159665607690624,3.0159665607690624,36.13843641797985,3.113929271184574,3.0628512505948744,3.0633670449168955,3.0628512505948744,3.0476087499399305,3.1164555155141835,3.0628512505948744,3.113929271184574,3.0628512505948744,3.0148951092525103,3.0159665607690624,2.9676859894107595,0.666124656886584,0.5960660484852327,0.7952311271191524,0.7952311271191524,2.8947424993643924,2.802282069214214,2.802282069214214,2.802282069214214,0.0,0.0,0.0,0.0,0.0,0.0,0.0,0.0,0.0,0.0,0.0,0.0,0.0,0.0,0.0,0.0,0.0,0.0,0.0,0.0,0.0,0.0,0.0,0.0,0.0,0.0,0.0
K_AQU,3.0273705175318955,3.0273705175318955,36.11512826088314,3.155672508731453,3.104594488141753,3.101726401577703,3.104594488141753,3.089351987486809,3.158198753061062,3.104594488141753,3.155672508731453,3.104594488141753,3.026299066015343,3.0273705175318955,3.3510510947756984,0.7278024604508697,0.6577438520495185,0.8569089306834383,0.8569089306834383,3.1651326510485847,3.0886849112610673,3.0886849112610673,3.0886849112610673,0.04919731147654465,0.0,0.0,0.0,0.0,0.0,0.0,0.0,0.0,0.0,0.0,0.0,0.0,0.0,0.0,0.0,0.0,0.0,0.0,0.0,0.0,0.0,0.0,0.0,0.0,0.0,0.0
K_ARL,3.0159665607690624,3.0159665607690624,36.13843641797985,3.113929271184574,3.0628512505948744,3.0633670449168955,3.0628512505948744,3.0476087499399305,3.1164555155141835,3.0628512505948744,3.113929271184574,3.0628512505948744,3.0148951092525103,3.0159665607690624,2.9676859894107595,0.666124656886584,0.5960660484852327,0.7952311271191524,0.7952311271191524,2.8947424993643924,2.802282069214214,2.802282069214214,2.802282069214214,0.0,0.04919731147654465,0.0,0.0,0.0,0.0,0.0,0.0,0.0,0.0,0.0,0.0,0.0,0.0,0.0,0.0,0.0,0.0,0.0,0.0,0.0,0.0,0.0,0.0,0.0,0.0,0.0
K_ARU,2.7700633386838573,2.7700633386838573,40.049768060440535,3.022779537139721,2.9930010678867482,3.005702502740048,2.9930010678867482,2.9671771177033714,3.031246814621229,2.9930010678867482,3.028939859176896,2.982419618358315,2.772870007245002,2.7700633386838573,3.760577377045734,0.9403173437434913,0.9626953879992763,1.0858883628974614,1.0858883628974614,3.0134458543279106,2.915150214312589,2.915150214312589,2.915150214312589,0.5704076440374559,0.5099459776128833,0.5704076440374559,0.0,0.0,0.0,0.0,0.0,0.0,0.0,0.0,0.0,0.0,0.0,0.0,0.0,0.0,0.0,0.0,0.0,0.0,0.0,0.0,0.0,0.0,0.0,0.0
K_ASX,2.8035681266411903,2.8035681266411903,47.096817582874664,2.5041442122870765,2.5145678297850536,2.5275094515944523,2.5145678297850536,2.4923708530778113,2.522202057214443,2.5145678297850536,2.5423630941662685,2.504226567212719,2.8036579634431,2.8035681266411903,3.662891397485752,2.5534774115854413,2.376437497044318,2.878496970487334,2.878496970487334,0.9584978856660652,0.9094357640829114,0.9094357640829114,0.9094357640829114,2.584877974696946,2.7400542804029544,2.584877974696946,2.4554624564350225,0.0,0.0,0.0,0.0,0.0,0.0,0.0,0.0,0.0,0.0,0.0,0.0,0.0,0.0,0.0,0.0,0.0,0.0,0.0,0.0,0.0,0.0,0.0
K_ATK,2.781303854737152,2.781303854737152,64.7120279756196,2.617631391259228,2.7448314904261446,2.822916443317056,2.7448314904261446,2.653828498895111,2.6942974880777073,2.7448314904261446,2.7039668184872374,2.6687210106955606,2.7813936915390616,2.781303854737152,2.2432744999393157,1.8175505160893903,1.611954210567932,1.9834839315489834,1.9834839315489834,1.1870380493666395,1.1050170904780043,1.1050170904780043,1.1050170904780043,1.841961211156438,2.1135759726024776,1.841961211156438,1.8731383960556176,0.5826695323291572,0.0,0.0,0.0,0.0,0.0,0.0,0.0,0.0,0.0,0.0,0.0,0.0,0.0,0.0,0.0,0.0,0.0,0.0,0.0,0.0,0.0,0.0
K_AWC,2.708270335789448,2.708270335789448,74.14595603531284,2.561038935001608,2.6200247874050238,2.6981097402959353,2.6200247874050238,2.5295969314006514,2.6391238878925196,2.6200247874050238,2.7190052541079206,2.5439143076744397,2.7083601725913575,2.708270335789448,1.9980957271103492,1.6473423856620426,1.4353559773141313,1.818351992042805,1.818351992042805,1.2934227134943364,1.2114017546057012,1.2114017546057012,1.2114017546057012,1.7346818982481313,2.006296659694171,1.7346818982481313,1.771880509923975,0.7180342824837815,0.061586487563025046,0.0,0.0,0.0,0.0,0.0,0.0,0.0,0.0,0.0,0.0,0.0,0.0,0.0,0.0,0.0,0.0,0.0,0.0,0.0,0.0,0.0
K_AWX,2.44965994345809,2.44965994345809,82.06923195028467,2.436870855031794,2.271146417514104,2.3492313704050156,2.271146417514104,2.0931245348483856,2.5149558079227057,2.271146417514104,2.5849115942858054,2.19503593778352,2.4507440941891114,2.44965994345809,1.385246096991777,1.2906219252911637,1.1581413432447454,1.4922141867370389,1.4922141867370389,1.5026172060335794,1.4008033055832287,1.4008033055832287,1.4008033055832287,1.2580082994417578,1.4958399297449965,1.2580082994417578,1.4526663355170675,1.4954694530223942,0.7145382517015204,0.5932684907766709,0.0,0.0,0.0,0.0,0.0,0.0,0.0,0.0,0.0,0.0,0.0,0.0,0.0,0.0,0.0,0.0,0.0,0.0,0.0,0.0
K_AXF,0.49259907592093827,0.49259907592093827,54.42299432330989,0.6092742300803082,0.5228785130204681,0.5257465995845183,0.5228785130204681,0.4937590329651105,0.6092742300803082,0.5228785130204681,0.6124366358262958,0.5228785130204681,0.49259907592093827,0.49259907592093827,1.5975013197491155,2.5571428650175987,2.539109962544863,3.2730998612846047,3.2730998612846047,3.674081383679762,3.354642481868461,3.354642481868461,3.354642481868461,2.6500316953378813,2.678993109387058,2.6500316953378813,2.157360301125459,2.0766035809582832,2.1402695804627077,2.0577419017553833,1.556345190567221,0.0,0.0,0.0,0.0,0.0,0.0,0.0,0.0,0.0,0.0,0.0,0.0,0.0,0.0,0.0,0.0,0.0,0.0,0.0
K_AYP,0.49259907592093827,0.49259907592093827,54.42299432330989,0.6092742300803082,0.5228785130204681,0.5257465995845183,0.5228785130204681,0.4937590329651105,0.6092742300803082,0.5228785130204681,0.6124366358262958,0.5228785130204681,0.49259907592093827,0.49259907592093827,1.5975013197491155,2.5571428650175987,2.539109962544863,3.2730998612846047,3.2730998612846047,3.674081383679762,3.354642481868461,3.354642481868461,3.354642481868461,2.6500316953378813,2.678993109387058,2.6500316953378813,2.157360301125459,2.0766035809582832,2.1402695804627077,2.0577419017553833,1.556345190567221,0.0,0.0,0.0,0.0,0.0,0.0,0.0,0.0,0.0,0.0,0.0,0.0,0.0,0.0,0.0,0.0,0.0,0.0,0.0
K_AZM,0.47883442203597776,0.47883442203597776,54.39930113594024,0.5887434484566492,0.502347731396809,0.5052158179608592,0.502347731396809,0.4732282513414513,0.5887434484566492,0.502347731396809,0.5887434484566492,0.502347731396809,0.47883442203597776,0.47883442203597776,1.5975013197491155,2.6475567647224088,2.6295238622496733,3.3984291793325596,3.3984291793325596,3.815150779831625,3.4799717999164166,3.4799717999164166,3.4799717999164166,2.8152337587681937,2.84419517281737,2.8152337587681937,2.3113465354984064,2.154911354327548,2.2705626274660085,2.1682722449561367,1.6581708898514487,0.023693187369646644,0.023693187369646644,0.0,0.0,0.0,0.0,0.0,0.0,0.0,0.0,0.0,0.0,0.0,0.0,0.0,0.0,0.0,0.0,0.0
K_AZU,0.47883442203597776,0.47883442203597776,54.39930113594024,0.5887434484566492,0.502347731396809,0.5052158179608592,0.502347731396809,0.4732282513414513,0.5887434484566492,0.502347731396809,0.5887434484566492,0.502347731396809,0.47883442203597776,0.47883442203597776,1.5975013197491155,2.6475567647224088,2.6295238622496733,3.3984291793325596,3.3984291793325596,3.815150779831625,3.4799717999164166,3.4799717999164166,3.4799717999164166,2.8152337587681937,2.84419517281737,2.8152337587681937,2.3113465354984064,2.154911354327548,2.2705626274660085,2.1682722449561367,1.6581708898514487,0.023693187369646644,0.023693187369646644,0.0,0.0,0.0,0.0,0.0,0.0,0.0,0.0,0.0,0.0,0.0,0.0,0.0,0.0,0.0,0.0,0.0
K_BAM,0.49259907592093827,0.49259907592093827,54.42299432330989,0.6092742300803082,0.5228785130204681,0.5257465995845183,0.5228785130204681,0.4937590329651105,0.6092742300803082,0.5228785130204681,0.6124366358262958,0.5228785130204681,0.49259907592093827,0.49259907592093827,1.5975013197491155,2.5571428650175987,2.539109962544863,3.2730998612846047,3.2730998612846047,3.674081383679762,3.354642481868461,3.354642481868461,3.354642481868461,2.6500316953378813,2.678993109387058,2.6500316953378813,2.157360301125459,2.0766035809582832,2.1402695804627077,2.0577419017553833,1.556345190567221,0.0,0.0,0.023693187369646644,0.023693187369646644,0.0,0.0,0.0,0.0,0.0,0.0,0.0,0.0,0.0,0.0,0.0,0.0,0.0,0.0,0.0
K_BBX,2.6333195914022856,2.6333195914022856,29.795805443848465,2.793348426225433,2.7371238986178668,2.7371238986178668,2.7371238986178668,2.723030603273775,2.797030324729852,2.7371238986178668,2.793348426225433,2.7371238986178668,2.6324388574864273,2.6333195914022856,3.393467705154124,0.5654821878950178,0.5798301674965287,0.7272420965536311,0.7272420965536311,2.9498321937448075,2.7535814038962885,2.7535814038962885,2.7535814038962885,0.6213997972422985,0.6452833800138393,0.6213997972422985,1.0277909564032297,2.486067800400128,2.114009807864579,2.019912571213319,1.5217042686726068,2.3373625128140794,2.3373625128140794,2.4177539413848166,2.4177539413848166,2.3373625128140794,0.0,0.0,0.0,0.0,0.0,0.0,0.0,0.0,0.0,0.0,0.0,0.0,0.0,0.0
K_BDE,2.400095334280455,2.400095334280455,33.29972276850028,2.554486041461993,2.487174238447944,2.487690032769965,2.487174238447944,2.4660881991298194,2.56051024963317,2.487174238447944,2.5568283511287513,2.487174238447944,2.40031964124476,2.400095334280455,2.5790684372734565,0.45854962198327276,0.4177998143953791,0.6203095306418861,0.6203095306418861,2.5544336481933785,2.4110339761521766,2.4110339761521766,2.4110339761521766,0.5930753857786667,0.6422726972552113,0.5930753857786667,1.055170340859041,2.365086549640781,1.7194789253027862,1.5885869733632443,1.0883270319185665,2.143356088753374,2.143356088753374,2.2474407046937577,2.2474407046937577,2.143356088753374,0.1758068489800629,0.0,0.0,0.0,0.0,0.0,0.0,0.0,0.0,0.0,0.0,0.0,0.0,0.0
K_BES,2.5880454044692383,2.5880454044692383,46.519739706781614,2.407166577689684,2.300662315837976,2.3035304024020262,2.300662315837976,2.2815789687571666,2.407166577689684,2.300662315837976,2.4256443697487984,2.300662315837976,2.5889018622872264,2.5880454044692383,2.5248238645961663,2.072222796962827,1.876794143155169,2.3754358421676596,2.3754358421676596,0.615532798833465,0.6126366285025853,0.6126366285025853,0.6126366285025853,2.432828392633922,2.601951097271826,2.432828392633922,2.4151965280601475,0.8848737469493462,0.9447810453893667,1.0221539397532546,1.249558572732298,2.0625581787321297,2.0625581787321297,2.1666427946725135,2.1666427946725135,2.0625581787321297,2.2520560006625345,1.9342727212386044,0.0,0.0,0.0,0.0,0.0,0.0,0.0,0.0,0.0,0.0,0.0,0.0
K_BHH,3.055202899025334,3.055202899025334,44.793655574039505,2.911870815093033,2.8761693844698035,2.8790374710338535,2.8761693844698035,2.854676925801261,2.909348723624371,2.8761693844698035,2.921719700464024,2.8761693844698035,3.0550219049719383,3.055202899025334,2.842322479055202,2.2634415345744725,2.1061545165038047,2.5846320505548346,2.5846320505548346,0.1304477192689092,0.0781468926051414,0.0781468926051414,0.0781468926051414,2.617235914822693,2.7754516847211415,2.617235914822693,2.5698464853746765,0.8061950979270366,0.9612145902559988,1.0675992543836956,1.200068202342623,2.6404513548081874,2.6404513548081874,2.7308652545129974,2.7308652545129974,2.6404513548081874,2.333915282677201,2.0973035889223195,0.47691942982652297,0.0,0.0,0.0,0.0,0.0,0.0,0.0,0.0,0.0,0.0,0.0
K_BHO,3.7806601996097386,3.7806601996097386,45.44498159543383,3.6550256602336315,3.6193242296104025,3.622192316174453,3.6193242296104025,3.59783177094186,3.6525035687649705,3.6193242296104025,3.6629643252412967,3.6193242296104025,3.780479205556343,3.7806601996097386,3.105822077136194,2.5528957205330114,2.3906799091816184,2.807833431411197,2.807833431411197,0.18813488485109484,0.09810384709041786,0.09810384709041786,0.09810384709041786,2.860391463046109,3.132848489670773,2.860391463046109,2.9022812141812797,0.9118935032258065,1.1002609097789906,1.2066455739066875,1.3460415037772488,3.3405089254204783,3.3405089254204783,3.4654044128303636,3.4654044128303636,3.3405089254204783,2.6946480384219975,2.411278732717366,0.621822975076839,0.07591245215172902,0.0,0.0,0.0,0.0,0.0,0.0,0.0,0.0,0.0,0.0
K_BHQ,2.9517041380543994,2.9517041380543994,44.74574053153668,2.813524626028884,2.7729398778406704,2.7758079644047204,2.7729398778406704,2.751447419172128,2.811002534560222,2.7729398778406704,2.823373511399875,2.7729398778406704,2.9515231440010035,2.9517041380543994,2.761423419529688,2.245614609003843,2.0883275909331758,2.566805124984205,2.566805124984205,0.1453339575074868,0.09303313084371898,0.09303313084371898,0.09303313084371898,2.588447944821206,2.746663714719654,2.588447944821206,2.5375845795490473,0.8116397850387232,0.9666592773676854,1.0730439414953823,1.1851819641040453,2.546404824195803,2.546404824195803,2.636818723900613,2.636818723900613,2.546404824195803,2.3128037175722396,2.072890551782524,0.4622463756775009,0.01488623823857758,0.09079869039030661,0.0,0.0,0.0,0.0,0.0,0.0,0.0,0.0,0.0
K_BIP,2.530206594037102,2.530206594037102,45.3406638067021,2.5044642874971927,2.4546571576449483,2.4575059084621316,2.4546571576449483,2.4309432846823174,2.506867137017261,2.4546571576449483,2.5160867192352034,2.4546571576449483,2.528021562653769,2.530206594037102,2.6306177610152397,0.5159606207462932,0.41274525761413117,0.7106309883376953,0.7106309883376953,2.036996429980428,1.9460612766397176,1.9460612766397176,1.9460612766397176,1.0633665620075183,1.125044365571804,1.0633665620075183,1.086535318834699,1.7178892885065689,0.9609767952337964,0.8435542605645472,0.9799835946232738,2.1595216860344086,2.1595216860344086,2.273487016231333,2.273487016231333,2.1595216860344086,0.9625096112299866,0.7831516644462194,1.4314021795864371,1.6619493510176166,1.9211650828162865,1.6441224254469875,0.0,0.0,0.0,0.0,0.0,0.0,0.0,0.0
K_BIQ,2.456430618241428,2.456430618241428,33.205345229813474,2.5055139069255405,2.460033844470545,2.460033844470545,2.460033844470545,2.4389725873744985,2.5096156927772797,2.460033844470545,2.5055139069255405,2.460033844470545,2.454245586858095,2.456430618241428,2.756285615668373,0.31261217449118656,0.4018188580270996,0.5072825420825886,0.5072825420825886,2.4434035860797527,2.328778097884351,2.328778097884351,2.328778097884351,0.9507030393971745,1.0123808429614602,0.9507030393971745,1.0000579827647242,2.116183491888897,1.4648265639120637,1.3032443600242603,1.2466923496734112,2.1343663904469024,2.1343663904469024,2.267288332032991,2.267288332032991,2.1343663904469024,0.8033399913098094,0.6964074253980643,1.7878919150850237,1.9384715009698503,2.2929277043687297,1.9140584638300542,0.19109283008100983,0.0,0.0,0.0,0.0,0.0,0.0,0.0
K_BJU,2.539188688046679,2.539188688046679,33.205345229813474,2.581829574955528,2.5320224451032844,2.5320224451032844,2.5320224451032844,2.5083085721406526,2.5842324244755956,2.5320224451032844,2.581829574955528,2.5320224451032844,2.537003656663346,2.539188688046679,2.8627264882573957,0.3470316920446018,0.4362383755805148,0.5417020596360038,0.5417020596360038,2.4318974440085395,2.3172719558131374,2.3172719558131374,2.3172719558131374,0.9859331556509614,1.0476109592152472,0.9859331556509614,1.0352880990185112,2.0326448886847306,1.3548213815668757,1.2373988468976267,1.2725799051113806,2.198397566397336,2.198397566397336,2.331319507983425,2.331319507983425,2.198397566397336,0.844924792129661,0.7379922262179159,1.7776942176344648,1.9269653588986366,2.260197858814613,1.9091384333280077,0.1689289287016915,0.022163901379318333,0.0,0.0,0.0,0.0,0.0,0.0
K_BJX,2.539188688046679,2.539188688046679,33.205345229813474,2.581829574955528,2.5320224451032844,2.5320224451032844,2.5320224451032844,2.5083085721406526,2.5842324244755956,2.5320224451032844,2.581829574955528,2.5320224451032844,2.537003656663346,2.539188688046679,2.8627264882573957,0.3470316920446018,0.4362383755805148,0.5417020596360038,0.5417020596360038,2.4318974440085395,2.3172719558131374,2.3172719558131374,2.3172719558131374,0.9859331556509614,1.0476109592152472,0.9859331556509614,1.0352880990185112,2.0326448886847306,1.3548213815668757,1.2373988468976267,1.2725799051113806,2.198397566397336,2.198397566397336,2.331319507983425,2.331319507983425,2.198397566397336,0.844924792129661,0.7379922262179159,1.7776942176344648,1.9269653588986366,2.260197858814613,1.9091384333280077,0.1689289287016915,0.022163901379318333,0.0,0.0,0.0,0.0,0.0,0.0
K_BKM,2.539188688046679,2.539188688046679,33.205345229813474,2.581829574955528,2.5320224451032844,2.5320224451032844,2.5320224451032844,2.5083085721406526,2.5842324244755956,2.5320224451032844,2.581829574955528,2.5320224451032844,2.537003656663346,2.539188688046679,2.8627264882573957,0.3470316920446018,0.4362383755805148,0.5417020596360038,0.5417020596360038,2.4318974440085395,2.3172719558131374,2.3172719558131374,2.3172719558131374,0.9859331556509614,1.0476109592152472,0.9859331556509614,1.0352880990185112,2.0326448886847306,1.3548213815668757,1.2373988468976267,1.2725799051113806,2.198397566397336,2.198397566397336,2.331319507983425,2.331319507983425,2.198397566397336,0.844924792129661,0.7379922262179159,1.7776942176344648,1.9269653588986366,2.260197858814613,1.9091384333280077,0.1689289287016915,0.022163901379318333,0.0,0.0,0.0,0.0,0.0,0.0
K_BLA,2.539188688046679,2.539188688046679,33.205345229813474,2.581829574955528,2.5320224451032844,2.5320224451032844,2.5320224451032844,2.5083085721406526,2.5842324244755956,2.5320224451032844,2.581829574955528,2.5320224451032844,2.537003656663346,2.539188688046679,2.8627264882573957,0.3470316920446018,0.4362383755805148,0.5417020596360038,0.5417020596360038,2.4318974440085395,2.3172719558131374,2.3172719558131374,2.3172719558131374,0.9859331556509614,1.0476109592152472,0.9859331556509614,1.0352880990185112,2.0326448886847306,1.3548213815668757,1.2373988468976267,1.2725799051113806,2.198397566397336,2.198397566397336,2.331319507983425,2.331319507983425,2.198397566397336,0.844924792129661,0.7379922262179159,1.7776942176344648,1.9269653588986366,2.260197858814613,1.9091384333280077,0.1689289287016915,0.022163901379318333,0.0,0.0,0.0,0.0,0.0,0.0
K_BLJ,2.539188688046679,2.539188688046679,33.205345229813474,2.581829574955528,2.5320224451032844,2.5320224451032844,2.5320224451032844,2.5083085721406526,2.5842324244755956,2.5320224451032844,2.581829574955528,2.5320224451032844,2.537003656663346,2.539188688046679,2.8627264882573957,0.3470316920446018,0.4362383755805148,0.5417020596360038,0.5417020596360038,2.4318974440085395,2.3172719558131374,2.3172719558131374,2.3172719558131374,0.9859331556509614,1.0476109592152472,0.9859331556509614,1.0352880990185112,2.0326448886847306,1.3548213815668757,1.2373988468976267,1.2725799051113806,2.198397566397336,2.198397566397336,2.331319507983425,2.331319507983425,2.198397566397336,0.844924792129661,0.7379922262179159,1.7776942176344648,1.9269653588986366,2.260197858814613,1.9091384333280077,0.1689289287016915,0.022163901379318333,0.0,0.0,0.0,0.0,0.0,0.0
K_BLU,2.539188688046679,2.539188688046679,33.205345229813474,2.581829574955528,2.5320224451032844,2.5320224451032844,2.5320224451032844,2.5083085721406526,2.5842324244755956,2.5320224451032844,2.581829574955528,2.5320224451032844,2.537003656663346,2.539188688046679,2.8627264882573957,0.3470316920446018,0.4362383755805148,0.5417020596360038,0.5417020596360038,2.4318974440085395,2.3172719558131374,2.3172719558131374,2.3172719558131374,0.9859331556509614,1.0476109592152472,0.9859331556509614,1.0352880990185112,2.0326448886847306,1.3548213815668757,1.2373988468976267,1.2725799051113806,2.198397566397336,2.198397566397336,2.331319507983425,2.331319507983425,2.198397566397336,0.844924792129661,0.7379922262179159,1.7776942176344648,1.9269653588986366,2.260197858814613,1.9091384333280077,0.1689289287016915,0.022163901379318333,0.0,0.0,0.0,0.0,0.0,0.0
